user_id,name,plan_id,region,state
100,"Navis Zuhud",3,West,CA
101,Alice,1,North,NY
102,Bob,2,South,TX
103,Charlie,3,East,VA
104,David,1,West,WA
105,Eve,2,North,MA
106,Frank,3,South,FL
107,Grace,1,East,NC
108,Henry,2,West,OR
109,Ivy,3,North,PA
110,Jack,1,South,GA
111,Kelly,2,East,MD
112,Liam,3,West,CA
113,Mona,1,North,NY
114,Noah,2,South,TX
115,Olivia,3,East,VA
116,Paul,1,West,WA
117,Quinn,2,North,MA
118,Rose,3,South,FL
119,Sam,1,East,NC
120,Tara,2,West,OR
121,Umar,3,North,PA
122,Vera,1,South,GA
123,Will,2,East,MD
124,Xena,3,West,CA
125,Yara,1,North,NY
126,Zane,2,South,TX
127,Abby,3,East,VA
128,Ben,1,West,WA
129,Cody,2,North,MA
130,Dana,3,South,FL
131,Eli,1,East,NC
132,Fay,2,West,OR
133,Gabe,3,North,PA
134,Hope,1,South,GA
135,Ian,2,East,MD
136,Jill,3,West,CA
137,Kai,1,North,NY
138,Leo,2,South,TX
139,Mia,3,East,VA
140,Nora,1,West,WA
141,Owen,2,North,MA
142,Pia,3,South,FL
143,Ray,1,East,NC
144,Sara,2,West,OR
145,Toby,3,North,PA
146,Uma,1,South,GA
147,Vic,2,East,MD
148,Wes,3,West,CA
149,Xia,1,North,NY
150,Yuri,2,South,TX
151,Zoe,3,East,VA
152,Alex,1,West,WA
153,Bela,2,North,MA
154,Cole,3,South,FL
155,Dina,1,East,NC
156,Erik,2,West,OR
157,Finn,3,North,PA
158,Gia,1,South,GA
159,Hugo,2,East,MD
160,Iara,3,West,CA
161,Jade,1,North,NY
162,Kurt,2,South,TX
163,Lila,3,East,VA
164,Milo,1,West,WA
165,Nina,2,North,MA
166,Otis,3,South,FL
167,Pacy,1,East,NC
168,Quin,2,West,OR
169,Remi,3,North,PA
170,Seth,1,South,GA
171,Tess,2,East,MD
172,Ugo,3,West,CA
173,Val,1,North,NY
174,Wade,2,South,TX
175,Xyla,3,East,VA
176,Yvan,1,West,WA
177,Zora,2,North,MA
178,Amir,3,South,FL
179,Bree,1,East,NC
180,Cory,2,West,OR
181,Devi,3,North,PA
182,Ezra,1,South,GA
183,Flo,2,East,MD
184,Gus,3,West,CA
185,Hana,1,North,NY
186,Ike,2,South,TX
187,Juna,3,East,VA
188,Kira,1,West,WA
189,Lyle,2,North,MA
190,Macy,3,South,FL
191,Nico,1,East,NC
192,Ola,2,West,OR
193,Pete,3,North,PA
194,Rudy,1,South,GA
195,Sia,2,East,MD
196,Ty,3,West,CA
197,Una,1,North,NY
198,Vito,2,South,TX
199,Wren,3,East,VA
200,Zaid,1,West,WA
